{
  "device":"taimen",
  "name":"slpi2",
  "sensor":{
    "gain":1,
    "channels":6,
    "index":[0,1,2,3,4,5],
    "polarity":[1,1,1,1,1,1],
    "spread":[0.8,0.8,0.8,0.8,0.8,0.8],
    "cap":[6963,10000,6975,6303,8265,6357],
    "hpf":0.2,
    "lpf":[0.03503692, 0.1200171, 0.21575411, 0.25838373, 0.21575411, 0.1200171, 0.03503692],
    "median":5,
    "freq":50,
    "data_scale":[7.05716, 5.21921, 6.80735, 8.05802, 6.04961, 6.98324],
    "sampling_interval":10000000
  },
  "events":[8,16,128],
  "wakeup_events":[16],
  "haptics":16,
  "detector":{
    "poll":{
      "vote":1
    },
    "proximity_threshold":5.0
  }
}
