{
  "device":"walleye",
  "name":"slpi2",
  "sensor":{
    "gain":1,
    "channels":6,
    "index":[0,1,2,3,4,5],
    "polarity":[1,1,0,1,-1,0],
    "spread":[0.8,0.8,0.8,0.8,0.8,0.8],
    "cap":[4888,10462,2832,10090,13452,2832],
    "hpf":0.2,
    "lpf":[0.03503692, 0.1200171, 0.21575411, 0.25838373, 0.21575411, 0.1200171, 0.03503692],
    "median":5,
    "freq":50,
    "data_scale":[5.75705, 3.15557, 8.85740, 3.68936, 2.23614, 5.59284],
    "sampling_interval":10000000
  },
  "events":[8,16,128],
  "wakeup_events":[16],
  "haptics":6,
  "detector":{
    "poll":{
      "vote":1
    },
    "proximity_threshold":5.0
  }
}
